"","site","AirTemp"
"1",1,19.1799009562842
"2",2,17.8461122495446
"3",3,16.1185963114754
"4",4,14.7934394820296
"5",5,13.8774476320583
"6",6,17.2900634277292
"7",7,18.6933876811594
"8",8,14.6825950871632
"9",9,11.4342055722892
